{
    "MAE": 249.11713089802134,
    "RMSE": 373.8801797329033,
    "R^2": 0.6670722165812195
}